,sample,site,in_scaftigs
0,MH0001,TCAAACATTTGTTCAA,[]
1,MH0002,TCAAACGAATGTTCCA,[]
2,MH0002,GCAAACAAATGTTTGA,[]
3,MH0002,TAAAACTTTTGTTTGA,[]
4,MH0003,TCAAACTAAAGTTCGT,[]
5,MH0004,TGCAACATTTGTTCTA,[]
6,MH0006,CCAAAGAGGTGTTCGA,['scaffold215931_3']
7,MH0006,GAAAAAATGCGTTCTA,[]
8,MH0006,CAAAACAAATGTTTGA,[]
9,MH0006,TAGAACATTTGATATG,[]
10,MH0006,GCGAACGTATGTTTGA,[]
11,MH0006,ACAAACATTTGTTCCG,[]
12,MH0006,AAGAACATCTGTTCTA,[]
13,MH0006,TAGAAAAAAAGATCCA,[]
14,MH0006,TCCAAAATTTGTGCGT,[]
15,MH0006,GCAAACCTTTGTTCGG,['scaffold125821_1']
16,MH0006,ACAAACAAATGTTCGG,['scaffold125821_1']
17,MH0006,ACAAACGTACGTTCGA,['scaffold125821_1']
18,MH0006,TCAATAAAGTGTTTGA,['scaffold101482_1']
19,MH0006,ACGAACAAAGGTTCTA,[]
20,MH0006,AGGAACGTATGTTCGA,[]
21,MH0006,ACAAACATTTGTTCTA,"['scaffold35317_10', 'scaffold120755_10']"
22,MH0006,TCGAACAAATGGTTCC,[]
23,MH0007,ACAAACACATGTTCGA,['scaffold2985_13']
24,MH0007,ACAAACGATTGTTCGG,['scaffold2985_13']
25,MH0007,ACGAACAAAATTTCGG,[]
26,MH0007,GCAAACATATATTCCG,['scaffold2985_13']
27,MH0008,AAAAACAAGCATTCGT,['scaffold7110_28']
28,MH0009,ACAAACAAATGTTTGA,[]
29,MH0009,ACAAACAAATGTTTGA,[]
30,MH0009,TCGAACATTTATTCTT,[]
31,MH0009,TAAAACTTTTGTTTGA,[]
32,MH0009,ACGAACATCTGTGATA,[]
33,MH0009,CCAAACAAGCGTTCCA,[]
34,MH0009,TAGCATATATTTTTGC,[]
35,MH0009,GCAAACAAATGTTTAT,[]
36,MH0011,TCAAACAAAATTTTGC,[]
37,MH0011,GCAAACATATGTTCGG,[]
38,MH0011,TCGAGCAGCCGTTCGT,[]
39,MH0011,GCAAACATATGTTCAC,['scaffold66583_1']
40,MH0011,GCGAACATATGTTTGA,[]
41,MH0011,TCGAACATATTTTCTT,[]
42,MH0011,CCGTATATATGTTCGG,[]
43,MH0011,TCAAACACTTGTTCGT,[]
44,MH0011,ACATACGTTTGTTCGT,[]
45,MH0011,ACAAACGTATGTGTCA,['scaffold74330_1']
46,MH0011,TCGAACAAATTTTCGG,[]
47,MH0011,ATAAACAAATGTTCGT,['scaffold5736_3']
48,MH0011,ACAAACAGCTGTTCGT,['scaffold5736_3']
49,MH0011,GCGAACATTTGTTACG,[]
50,MH0011,CGGAATATACGTTTGC,[]
51,MH0011,CCGAAGAAGTGTTCGA,['scaffold14242_1']
52,MH0011,TCGAACGTACTTTCGA,[]
53,MH0011,AGAAACATATGTTCGA,[]
54,MH0011,TCGAACATACGGTTTC,[]
55,MH0011,CGGAATGTATGTTTGC,[]
56,MH0012,CCGAAAATCTATTTGC,[]
57,MH0012,TCAAACAAATTTTTGG,[]
58,MH0012,CAGAAAAAATATTTTT,"['scaffold119022_1', 'scaffold123984_1', 'scaffold131691_1']"
59,MH0012,GTAAACAATTGTTCTG,[]
60,MH0012,TCATATGTATGTTCGA,[]
61,MH0012,GCAAACATTTGTTTTT,[]
62,MH0012,TGGGACATATTTTCTT,[]
63,MH0012,CCGAACACAGTTTTGC,['scaffold66915_3']
64,MH0012,TCGAACATCTGTTCGA,[]
65,MH0012,GCAAACGGATGTTCCG,[]
66,MH0012,AGAAACAAATGTTTGA,[]
67,MH0012,CCAAACAAGCGTTCCA,['scaffold12537_2']
68,MH0012,ACGAACATCTGTGATA,['scaffold12537_2']
69,MH0012,TAGCACATATGTTCTT,[]
70,MH0012,GCAAACATTTGTTTTA,[]
71,MH0012,GCAAACAAACGTTTGG,['scaffold51793_2']
72,MH0012,TGAAACGTCTGTTCGC,['scaffold51793_2']
73,MH0012,TAGCACAAATGTTCTT,[]
74,MH0012,TCAAACATTTGTTCGT,['scaffold41200_24']
75,MH0012,GCAAACAATCGTTTGC,['scaffold2424_8']
76,MH0012,TCAAACATTTGTTTTA,['scaffold86437_2']
77,MH0012,GCGAATGTATGTTTTG,[]
78,MH0012,GGGAACGAATGTTTCT,[]
79,MH0012,AAGAAAGTTTTTTTGG,[]
80,MH0012,TCAAACAATTATTCGT,[]
81,MH0012,ACGAACATAAGTATGT,[]
82,MH0012,ACAAACATTTGTTTGA,[]
83,MH0012,ACAAACAATTGTTCGT,[]
84,MH0012,TAGAACATGTATCCAA,['scaffold2424_8']
85,MH0012,TGCAACAACTGTTCGA,['C2444577_1']
86,MH0012,ACGAAAGCTTGTGTTA,[]
87,MH0012,TTGAAAAAAAGTTTTT,['scaffold119338_1']
88,MH0012,CCGATCATTTTTTCCA,[]
89,MH0012,AAGAAAAAACTTTTTT,"['scaffold10067_1', 'scaffold2610_3', 'scaffold75686_4']"
90,MH0012,AAGAACATATGTTTGT,[]
91,MH0012,TCGAACGTATTTTCTA,[]
92,MH0012,CTAAACATTTGTTTGC,[]
93,MH0012,TCAAACAATTGTTTAA,"['scaffold133914_1', 'scaffold31956_2']"
94,MH0012,ACAAAAAGATGTTTTG,['scaffold130384_2']
95,MH0012,GCAAACATATATTCCG,[]
96,MH0012,TCGAACATTTTTTCGG,['scaffold126796_1']
97,MH0012,GCGAAAATATGTTCGG,[]
98,MH0012,GCGAACAGCTGTTCTA,['scaffold126796_1']
99,MH0012,CGCAACAGATGTTCGA,[]
100,MH0012,CCGAACATATATTCAA,[]
101,MH0012,GGGAACGTTTGTTCTT,['scaffold51048_6']
102,MH0012,GCGAACATACATTCTT,['scaffold51048_6']
103,MH0012,GCGAACATATTTTCTG,['scaffold51048_6']
104,MH0012,GCAAACATATATTCAG,[]
105,MH0012,GCAAACAAAAGTTCCG,[]
106,MH0012,ACGAACATTTTTTCGG,['scaffold10067_6']
107,MH0012,ACAAACATCTGTTCGG,[]
108,MH0012,TCGAATATCTGTTCGA,['scaffold10067_6']
109,MH0012,TCAAACAATTGTTTAT,[]
110,MH0012,ACATATATTTGTTCGT,['scaffold130447_2']
111,MH0012,TAGAATCATTTTTCGG,[]
112,MH0012,GCGAACAAATGTTCCT,['scaffold28033_11']
113,MH0012,GCGAATGTGTGTTCGG,['scaffold28033_11']
114,MH0012,ACGAACATATTTTCGA,[]
115,MH0012,GCAAACAAATGTTTGA,['scaffold6788_10']
116,MH0013,TAGAACAGTTGTTGCC,['scaffold29464_2']
117,MH0013,GCAAACATTTGTGCGC,[]
118,MH0013,ACAAACAAACGTTCTG,['scaffold2749_12']
119,MH0014,TAGAACAGATAATCAA,['C1114658_1']
120,MH0014,CAAAACAAACGTTTGA,['scaffold47141_1']
121,MH0014,TGGAAACTATGTTCGA,['scaffold10720_3']
122,MH0014,CCAAACAAATGTTTGA,[]
123,MH0016,TCGAAAACTTTTGCCT,[]
124,MH0016,TCAAACAATTGTTTGA,['scaffold28577_2']
125,MH0016,GCGAAAATATGTTCGA,[]
126,MH0016,ACAAACATCTGTTCGG,[]
127,MH0016,AGGAACATACGTTCTC,[]
128,MH0016,GCAAACATATATTCCG,[]
129,MH0016,TCGAACAAATTTTCGG,[]
130,MH0016,TCAAACGCATATTCTG,[]
131,MH0016,CGGAAACTATGTTCGG,[]
132,MH0016,GTAAACAGTTGTTCGG,[]
133,MH0016,CAGAATGTCTGTTTGG,[]
134,MH0016,GCGAACAAATATTTGG,[]
135,MH0016,GCAAACATATATTCCA,[]
136,MH0017,GCAAACAAATGTTCTC,[]
137,MH0017,ACGAATATATTTTCGA,[]
138,MH0017,CCATACAAATGTTCGG,[]
139,MH0017,ATGAACAACTGTTCGA,[]
140,MH0017,TCAAACATTTGTTCAG,[]
141,MH0017,ACGAACAATTATGTGC,[]
142,MH0019,CTGAATTTATGTTCGA,[]
143,MH0019,CAGAACATTTTTTCTG,[]
144,MH0019,CTGAAAATACGTTTGC,[]
145,MH0019,ACAAACATACGTTCAG,['scaffold85_7']
146,MH0019,CAAAACATCTGTTCGA,['scaffold85_7']
147,MH0019,TCGTACAAGTGTTCGA,['scaffold85_7']
148,MH0019,GCAAACGAATGTTCTG,['scaffold85_7']
149,MH0019,TAGCACATATGTTCTG,['scaffold85_7']
150,MH0020,ACAAAAAGATGTTTCA,['scaffold37060_1']
151,MH0020,GAAAAAGAATGTTCTG,['scaffold4528_2']
152,MH0020,CCGAACCAAATTTCGA,[]
153,MH0020,GCAAACAGATGTTTTG,[]
154,MH0020,AAGAACACATTTTCAG,[]
155,MH0020,CAGAATATAAGTTTGC,[]
156,MH0020,TTGAGTATATGTTCTA,[]
157,MH0020,TCAAACAAATGTTTTT,[]
158,MH0020,GAGAACAAATGTTCGT,['scaffold15890_1']
159,MH0020,ACAAACATATGTTCTG,['scaffold15890_1']
160,MH0020,GCAAACCTTTGTTCGA,['scaffold15890_1']
161,MH0020,AGTAACATATGTTCGA,['scaffold15890_1']
162,MH0020,CCGAAACTTTGTTCGA,[]
163,MH0020,ACAAACAAATGTTCGA,[]
164,MH0020,CAAAACAAATGTTCGA,[]
165,MH0020,GAGAACACTTGTTTCC,[]
166,MH0020,GTGAACTTTTGTTTGA,['scaffold13253_8']
167,MH0020,TCGAATATAGATTCCC,[]
168,MH0020,CCAAACATTTATTCTG,[]
169,MH0020,TAGAACATATTTTCTG,['scaffold13253_8']
170,MH0020,ACAAAAATATGTTCTG,[]
171,MH0021,CCAAATTTATGTTTGA,[]
172,MH0021,TCGAAAGGAGGTTTTC,[]
173,MH0021,CGGAACAACTGTTCAT,['scaffold19089_2']
174,MH0021,CCGAATAAATGTTCTG,[]
175,MH0021,ACAAACAAATGTTCTT,"['scaffold63744_1', 'scaffold19089_2']"
176,MH0021,TCGAACATTTTTTCGG,[]
177,MH0021,TCAAACAAATTTTCCG,['scaffold19089_2']
178,MH0021,TCAAACAAGTGTTCTG,['scaffold3729_7']
179,MH0021,ACAAACGCATGTTCTG,[]
180,MH0021,CGGAAAATTTGTTCGA,[]
181,MH0021,CCGAACATTTTTTCAG,['scaffold3729_7']
182,MH0021,CAGAAATTATGTTTGC,['scaffold3729_7']
183,MH0022,GTGAAAAAATATTCTA,[]
184,MH0022,GCAAACAAATGTTTGC,['scaffold16236_5']
185,MH0022,TAACACAAATGTTCTG,[]
186,MH0024,TCAAACAAATGCTCTT,[]
187,MH0024,GCAAACAAATGTTTGC,[]
188,MH0024,CAGAACATCGTTTCTG,[]
189,MH0024,GCGAAACTATGTTTTG,[]
190,MH0024,ATGAACTTCTGTTTGA,[]
191,MH0024,TAGAATAAATTTACGC,[]
192,MH0024,AAGAACATATAGTCCC,[]
193,MH0025,GCAAACAAATGTTTTG,['scaffold7664_5']
194,MH0025,GCAAACAAAAGTTCCG,['scaffold48277_1']
195,MH0025,TCGAACATTTTTTCGG,[]
196,MH0025,ACAAACGGATGTTCGA,['scaffold48277_1']
197,MH0025,ACGAACAAATTTTCGA,['scaffold35022_3']
198,MH0025,ACAAACATACGTTCTT,[]
199,MH0025,TCGAATATATGTTCAT,['scaffold35022_3']
200,MH0025,GTGAACATTTGTTCTT,['scaffold35022_3']
201,MH0025,ACAAACAAATGTTCGA,"['scaffold52817_2', 'scaffold17441_4']"
202,MH0025,GCGAACATGTGTTTGT,[]
203,MH0025,ACGAACAAATTTTCGG,['scaffold51345_2']
204,MH0025,CGGAATATACGTTTGC,[]
205,MH0025,ACAAACACATGTTCGG,['scaffold12247_1']
206,MH0025,ACAAACGATTGTTCGG,['scaffold12247_1']
207,MH0025,ACGAACAAAATTTCGG,[]
208,MH0025,GCAAACATATATTCCG,['scaffold12247_1']
209,MH0025,GTGAACATATGTTAGA,['scaffold58384_2']
210,MH0025,GCAAACACATATTCCG,[]
211,MH0025,GCGAACAAATTTTCGG,['scaffold58384_2']
212,MH0025,GGGAACATTCGTTTGT,['scaffold58384_2']
213,MH0025,GCGAACATTTGTTTAT,['scaffold58384_2']
214,MH0025,TAGAACAATGAATCGT,[]
215,MH0025,AAGAAAATATTTTCTA,"['scaffold59938_1', 'scaffold16071_1', 'scaffold29724_2']"
216,MH0026,TCAAACATTTGTGCAT,[]
217,MH0026,TCGAACAAATGTTGGA,['scaffold12352_4']
218,MH0026,ACGAACACTCGTTCTT,[]
219,MH0026,CCGAACAGGCATTCTG,[]
220,MH0026,ACGAACAAATTTTCGG,[]
221,MH0026,CGGAATATACGTTTGC,[]
222,MH0026,GCAAACAAATGTTCTA,['scaffold19134_21']
223,MH0026,TCAAACAATTTATCGA,['scaffold24910_1']
224,MH0026,TAGAAAAAATATTTAA,['scaffold24910_1']
225,MH0030,AAGAACCTACATTCTG,['scaffold17071_1']
226,MH0030,ACAAACACATATTCGT,[]
227,MH0030,TCAAACGAATGTTCTC,[]
228,MH0031,ACAAACAAATATTTGT,[]
229,MH0031,TGAAACATTTGTTTGA,['scaffold22834_1']
230,MH0031,TCGTACACTTGTTCGT,['scaffold22834_1']
231,MH0031,CCGAACACGTTTTCTT,[]
232,MH0031,GGGAACATTTGTTCTT,[]
233,MH0031,TCGAACATGTATTCTG,[]
234,MH0031,CCAAAAATATGTTCGA,[]
235,MH0031,GCAAACATATATTCCA,[]
236,MH0033,GCAAACGGTTGTTCGG,[]
237,MH0033,GCAAACATATATTCCA,['scaffold16320_1']
238,MH0033,CCAAAAATATGTTCGA,['scaffold16320_1']
239,MH0033,TCGAACATGCATTCTG,[]
240,MH0033,GGGAACATTTGTTCTT,[]
241,MH0033,CCGAACACGTTTTCTT,['scaffold16320_1']
242,MH0033,AAGAAAGCATTTTTTT,['scaffold16330_3']
243,MH0033,TCGAAAAAATTTCCTA,[]
244,MH0035,GCGAAATTATTTTCGT,[]
245,MH0035,AAAAAAATTTTTTCTT,['scaffold41998_2']
246,MH0035,TCAAACACTTTTTCGT,[]
247,MH0035,AAAAACAAATGCTCTT,[]
248,MH0035,AAGAACATATATTCTT,[]
249,MH0035,GCAAACGTATATTCCA,[]
250,MH0035,GCGAACAAATATTTGG,[]
251,MH0035,TGAAACATTTGTTTGA,[]
252,MH0035,ACAAATATATGTTCGT,[]
253,MH0035,CAGAACAAATGTTCTT,"['scaffold20036_1', 'scaffold42478_2']"
254,MH0035,ACAAACACTTGTTCGT,[]
255,MH0035,TCAAACAAATGTTCGA,[]
256,MH0037,TCGAACAAATGTTGGA,[]
257,MH0037,GAAAACAAACGTTTGA,[]
258,MH0037,TGGAACAAATGTTGCA,[]
259,MH0038,TCGAACATCTGTTGCA,[]
260,MH0038,ACGAAAAAATTTTTAA,['scaffold12534_5']
261,MH0038,GCAAACAAGTGTTCGT,['scaffold45971_1']
262,MH0039,TGCAACATTTGTTCTA,[]
263,MH0039,TCAAACATTTGTTTAA,['scaffold81_5']
264,MH0039,AAGAACTTTTATTCTT,['scaffold28152_3']
265,MH0039,AGGAACAAAAATTCTT,['scaffold28152_3']
266,MH0040,GCGAAAGTTTTTTTGC,[]
267,MH0040,TAAAACTTTTGTTTGA,"['scaffold52662_1', 'scaffold25759_4']"
268,MH0040,CCAAAAATATGTTCGA,['scaffold5030_1']
269,MH0040,GCAAACATATATTCCA,['scaffold5030_1']
270,MH0040,TAAAACACTTGTTCTT,[]
271,MH0043,ACAAACAAATGTTTGA,[]
272,MH0043,TGCAACATATGTTCTA,['scaffold56035_1']
273,MH0043,GCGAAATTATTTTCGT,[]
274,MH0045,TAAAACATCTGTTCTT,[]
275,MH0045,TCGAACAAATGTTGGA,[]
276,MH0045,CCGAAACCATTTTCGT,[]
277,MH0047,CCGAACACCTGTTTAT,['scaffold33078_1']
278,MH0047,TCTATAATTTGTTCTA,"['C519124_1', 'scaffold33078_1']"
279,MH0048,CCAAACATATGTTGCA,[]
280,MH0048,GCAAACGTTCGTTCTT,[]
281,MH0048,ACAAACAATTGTTCGG,[]
282,MH0048,CCGAACATATTTTCGG,[]
283,MH0048,CGGAATGTTTGTTTGC,[]
284,MH0050,TCAAAAGAATTTTCTT,[]
285,MH0050,TAGCACAAATGAACGA,[]
286,MH0050,AAGAAAAATTGTGTTT,[]
287,MH0051,GCAAACAAATGTTTGC,[]
288,MH0053,GCACATGTATGTTCGA,[]
289,MH0053,TCAAACGTTTGTTCTG,[]
290,MH0053,TCAAACATTTGTGCAA,[]
291,MH0053,AAGACCATTTTTTCGT,[]
292,MH0053,TAACACATTTGTTCGG,['scaffold7913_5']
293,MH0053,GCAAACATTTGTTTGG,['scaffold7913_5']
294,MH0054,TTGAACGACTATTTGA,[]
295,MH0054,TCGAACAAGAGGTCTT,[]
296,MH0055,TAGAATATTAGTTTCA,[]
297,MH0055,ACAAACTTCTGTTTGA,[]
298,MH0056,TGCAACATTTGTTCTA,[]
299,MH0059,ACGAACAAATGTTCTT,[]
300,MH0059,TCAAACAAATGTTTAA,[]
301,MH0060,CCGAACTTTTGTTCTT,[]
302,MH0060,ACAAACATTTTTTCAT,[]
303,MH0060,TCAAACAAATATTTGT,[]
304,MH0060,ACGAATTAATGTTCGT,[]
305,MH0060,TAAAACAATTATTTTA,[]
306,MH0061,TCAAACCTTTTTTCTT,['scaffold10709_4']
307,MH0062,CAAAACAAATGTTTGA,[]
308,MH0063,TCGAACATATTTTCGG,[]
309,MH0063,ACAAACACATGTTCGT,[]
310,MH0063,CCGAACCTTTGTTCTG,[]
311,MH0063,CGGAATGTATGTTTGC,[]
312,MH0064,CAAAACACATTTTTGC,"['scaffold16463_3', 'scaffold41371_2']"
313,MH0064,CAGAAAGAAAGTTTGC,['scaffold8011_7']
314,MH0064,TAGAATATATGGTTTA,['scaffold12339_3']
315,MH0064,TCAAACAAATTTTTGA,['scaffold26739_1']
316,MH0064,GCAAACAGATGTTCGC,[]
317,MH0064,GGAAACATTTGTTTGC,['scaffold41371_2']
318,MH0065,TCAAACAGATGTTCTT,[]
319,MH0065,GCAAACACAAGTTCTT,[]
320,MH0065,TAGTAAATGTTTTCTA,['scaffold15643_1']
321,MH0065,TCAAACAAATGTTTAT,['scaffold15643_1']
322,MH0065,CCAAATATTTGTTTTC,['scaffold36341_2']
323,MH0065,TAGAAAGTAGTTTTGG,[]
324,MH0065,TCGAACTTTTGTACCG,[]
325,MH0065,AGGAACGAATGTTCGG,[]
326,MH0065,GCGAACATATATTCTG,[]
327,MH0065,CCAAATATTTGTTCGA,[]
328,MH0065,GCAAACATATATTCCA,[]
329,MH0065,GCAAACATATATTCCG,[]
330,MH0065,ACGAACAAATTTTCGG,[]
331,MH0065,ACAAACATTCGTTCTG,[]
332,MH0065,CCAAACATTCGTTCTT,[]
333,MH0065,TGGAAAATGTGTTCGA,[]
334,MH0065,ACGTACATGTGTTTTA,['scaffold50324_2']
335,MH0065,GCAAACAAATGTTTCG,['scaffold50324_2']
336,MH0065,CGGAAAATTTGTTCGA,[]
337,MH0065,CCGAACATTTATTCTA,['scaffold50324_2']
338,MH0065,GCGAACAATCGTTTGT,[]
339,MH0065,ATAAACCTATGTTCGA,['scaffold50324_2']
340,MH0065,GAAAACAAATGTTCGC,['scaffold50324_2']
341,MH0066,TCAAACAAATGTGCTA,[]
342,MH0066,ACAAACACTCGTTCAT,[]
343,MH0066,TAGAAAATCTGCTTGA,[]
344,MH0066,CCGAACAATATTTCTG,[]
345,MH0066,CAGAACTGCCGTTCGT,[]
346,MH0069,TATAACATATGTGTGT,[]
347,MH0069,AAAAACATACTTTTGG,[]
348,MH0070,ACGAAAAAATTTTTAA,[]
349,MH0070,CCGATCATATTTTCGT,[]
350,MH0070,TAGAACAATTGCGCTA,[]
351,MH0070,TCAAACAAATTTTTGA,[]
352,MH0070,ACACAAATATGTTTGA,['scaffold57888_2']
353,MH0070,ACGAACGATTATATGA,[]
354,MH0070,TAGAAAATTTATTTAA,[]
355,MH0070,AAGTACAATTATTCTA,[]
356,MH0070,TAGAAGATACTTTTGC,['scaffold15824_8']
357,MH0070,CCGAAGAAGTGTTCGA,[]
358,MH0070,TCGAACGTACTTTCGA,[]
359,MH0070,AGAAACATATGTTCGA,[]
360,MH0070,TCGAACATACGGTTTC,[]
361,MH0070,CGGAATGTATGTTTGC,[]
362,MH0071,GCAAACAAATGTGCTA,[]
363,MH0071,GCGAAATTATTTTCGT,[]
364,MH0071,ACGAATTTATGTTCGT,[]
365,MH0071,TCAAACATAATTTCGA,[]
366,MH0071,TCTAACATTTTTTCTT,[]
367,MH0071,AGTAACATATGTTCGA,[]
368,MH0071,GCAAACCTTTGTTCGA,[]
369,MH0071,ACAAACATTTGTTCGA,[]
370,MH0073,TCGAACACACATTCGA,[]
371,MH0073,TCAAACATATGTTCAA,[]
372,MH0073,GCAAACATAAGTTCTC,[]
373,MH0074,TAAAAAAAGGGTTTGA,[]
374,MH0074,TTGAACACTTGATTGT,[]
375,MH0074,AGTAACATATGTTCGA,[]
376,MH0074,GCAAACCTTTGTTCGG,[]
377,MH0074,ACAAACGTATGTTCTG,[]
378,MH0074,GCGAACGTGTGTTCTC,[]
379,MH0074,TAAAACGTATGTTCTG,[]
380,MH0075,TCGTAAACAAGTTCTA,[]
381,MH0075,ACGAACACTTGTTCTT,[]
382,MH0075,GCGAATATTTGTTTGA,[]
383,MH0075,ACGAACATTAGTATGT,['scaffold56855_2']
384,MH0075,ACGAACATATATTCGG,[]
385,MH0075,CCGAACTTTTGTTTGA,[]
386,MH0077,ACAAACTTCTGTTTGA,[]
387,MH0077,AAGATGATATGTTTGT,[]
388,MH0077,GCAAACATATATTCGA,[]
389,MH0077,ACAAACAAATGTTCGC,[]
390,MH0077,GAGAACATTTGTTCTT,[]
391,MH0077,ACGAACCTTTGTTCTG,[]
392,MH0077,ACAAACATCTGTTCGC,[]
393,MH0077,TCGAACAAATTTTCGG,[]
394,MH0077,CGGAATGTATGTTTGC,[]
395,MH0077,ACGAACAACTGTTCGT,[]
396,MH0077,GTGAACAATTGTTCGT,[]
397,MH0077,AGGAACATCTGTTCAC,[]
398,MH0077,GCAAACAATTGTTTGA,[]
399,MH0077,ACGAACAAATATTCGA,['scaffold47505_2']
400,MH0077,TCAAACAGGTGTTCGT,[]
401,MH0077,CCGAACATATTTTCGA,['scaffold47505_2']
402,MH0077,CGGAATATTCGTTCGG,[]
403,MH0077,GCAAACATATATTCCG,['scaffold47505_2']
404,MH0079,TAGAACATGGGTCCCT,[]
405,MH0079,ACAAACATTTGTTTGA,[]
406,MH0079,TCAAACAAATGTTATT,[]
407,MH0079,ACATATATTTGTTCGT,['scaffold600_1']
408,MH0079,CAAAACAATTGTTTTG,['scaffold43728_1']
409,MH0079,GGAAACATTTGTTCGC,['scaffold43728_1']
410,MH0080,ACAAATATATGTTCGA,[]
411,MH0080,ACAAACGCGTGTTCGG,[]
412,MH0080,CCGAATAAATGTTCGA,[]
413,MH0080,CGGAACATTTATTTTG,['scaffold8984_2']
414,MH0080,GCAAACAAATGTTCAA,[]
415,MH0081,GGGAACATAAGTTTGA,[]
416,MH0081,TCGAAAGGATGTGTTT,[]
417,MH0081,TCAAACATTTTTGCGA,['scaffold14308_4']
418,MH0081,TCAAACATTTGTTCAA,['C966207_1']
419,MH0081,GAGAAAATATATTCAT,"['scaffold581_2', 'scaffold9959_3']"
420,MH0081,ACGAACAAACATTCGT,['scaffold43232_2']
421,MH0081,TCAAACAATTGTTCGA,[]
422,MH0082,ACAATCATTTGTTTGT,['scaffold49885_2']
423,MH0082,GCAAACATAAGTTCTT,[]
424,MH0082,GAAAACAAATGTTTGA,[]
425,MH0082,TAAAAAATATGTGTTA,[]
426,MH0082,TAGAACATTACTTTGT,[]
427,MH0082,AAATACATTTGTTTGA,[]
428,MH0082,CAAAACGTTTGTTCGT,[]
429,MH0082,ACGAACATTATATCGC,[]
430,MH0082,TCAAACGTTTTTATGA,[]
431,MH0083,ACAAACATTTGTTCGT,[]
432,MH0084,GCGAACATTTGTTCTT,[]
433,MH0084,ACAAACATATGTTCTG,[]
434,MH0084,GCAAACCTTTGTTCGG,[]
435,MH0084,AGTAACATATGTTCGA,[]
436,MH0086,TCGAACATCTGTTGCA,[]
437,MH0086,GCAAACAAATGTTCAT,[]
438,MH0086,TAAAACTAATGTTCGG,[]
439,MH0086,ACGAACAAATGTTTTA,[]
440,MH0086,GCGAACAAAGGTTCTA,[]
441,MH0086,CTGAACTTGGGTTCGA,[]
442,MH0086,GCAAACAGATATTCTG,['scaffold72722_1']
443,MH0086,ACGAACATATTTTCAG,[]
444,MH0086,TGGTACAATTGTTTGG,"['scaffold65134_1', 'scaffold72722_1']"
445,MH0086,GCAAACAAATATTCTC,[]
446,MH0086,ACGAACATATTTTCGA,[]
447,MH0086,GGGAACGTACGTTTGT,[]
448,MH0086,AGGAACGTTTGTTCTT,[]
449,MH0086,ACAAATTTTTGTTCTA,['scaffold7243_5']
450,MH0086,TCAAACGTTTGTTCTG,['scaffold7243_5']
451,MH0086,GCAAACAATTGTTTGT,['scaffold7243_5']
452,MH0086,ACAAACAAATGTTCGC,['scaffold445_10']
453,MH0086,ACAAACGAATGTTCGA,['scaffold445_10']
454,MH0086,TCAAACGTTTGTTCTT,[]
455,MH0086,TAGCACATGTGTTCTG,['scaffold445_10']
456,MH0086,CAAAAAAGATTTTCGC,['scaffold1717_5']
